{
  "src": [
    "drums.webm",
    "drums.mp3"
  ],
  "sprite": {
    "clap": [
      0,
      497.3922902494331
    ],
    "closed-hihat": [
      2000,
      318.4580498866212
    ],
    "crash": [
      4000,
      3908.095238095238
    ],
    "kick": [
      9000,
      652.4943310657604
    ],
    "open-hihat": [
      11000,
      1030.7256235827663
    ],
    "snare": [
      14000,
      577.5736961451248
    ]
  }
}